<?xml version="1.0" encoding="UTF-8"?>
<beans xmlns="http://www.springframework.org/schema/beans"
       xmlns:xsi="http://www.w3.org/2001/XMLSchema-instance"
       xsi:schemaLocation="http://www.springframework.org/schema/beans
       http://www.springframework.org/schema/beans/spring-beans.xsd">

    <bean id="queryUserInfoFromPower" class="com.jd.wms.domain.ws.receivemessage.param.BizToken">
        <property name="bizType" value="wms_authorityms_master_queryOdw"/>
        <property name="uuid" value="123"/>
        <property name="callCode" value="360BUY.WMS3.WS.CALLCODE.100"/>
    </bean>

    <bean id="qryGoodsBandBySkuForListBizToken" class="com.jd.wms.domain.ws.receivemessage.param.BizToken">
        <property name="bizType" value="qryGoodsBandBySkuForList"/>
        <property name="uuid" value="123"/>
        <property name="callCode" value="360BUY.WMS3.WS.CALLCODE.9999"/>
    </bean>

    <bean id="masterQryLocByNoForListToken" class="com.jd.wms.domain.ws.receivemessage.param.BizToken">
        <property name="bizType" value="qryLocByNoForListToAOS"/>
        <property name="uuid" value="123"/>
        <property name="callCode" value="360BUY.WMS3.WS.CALLCODE.9999"/>
    </bean>
    <!-- begin等级变更-->
    <bean id="qrySameBarcodeGoodsListToken" class="com.jd.wms.domain.ws.receivemessage.param.BizToken">
        <property name="bizType" value="qrySameBarcodeGoodsList"/>
        <property name="uuid" value="123"/>
        <property name="callCode" value="360BUY.WMS3.WS.CALLCODE.9999"/>
    </bean>
    <!--master根据货主获取商品等级列表-->
    <bean id="queryProductLevelListBizToken" class="com.jd.wms.domain.ws.receivemessage.param.BizToken">
        <property name="bizType" value="queryProductLevelList"/>
        <property name="uuid" value="123"/>
        <property name="callCode" value="360BUY.WMS3.WS.CALLCODE.9999"/>
    </bean>
    <!--master获取按字典表查询字典明细服务-->
    <bean id="qryDicDetailByCatalogBizToken" class="com.jd.wms.domain.ws.receivemessage.param.BizToken">
        <property name="bizType" value="qryDicDetailByCatalog"/>
        <property name="uuid" value="1"/>
        <property name="callCode" value="360BUY.WMS3.WS.CALLCODE.9999"/>
    </bean>
    <!-- master 获取初始化大区下拉数据服务 -->
    <bean id="qryAreaForSelectBizToken" class="com.jd.wms.domain.ws.receivemessage.param.BizToken">
        <property name="bizType" value="qryAreaForSelect"/>
        <property name="uuid" value="1"/>
        <property name="callCode" value="360BUY.WMS3.WS.CALLCODE.9999"/>
    </bean>
    <!--master获取初始化储区下拉数据服务 页面用这个-->
    <bean id="qryZoneForSelectBizToken" class="com.jd.wms.domain.ws.receivemessage.param.BizToken">
        <property name="bizType" value="qryZoneForSelect"/>
        <property name="uuid" value="1"/>
        <property name="callCode" value="360BUY.WMS3.WS.CALLCODE.9999"/>
    </bean>
    <!-- 批量根据商品编码获取商品基础信息以及扩展属性  -->
    <bean id="qryItemBaseForListToken" class="com.jd.wms.domain.ws.receivemessage.param.BizToken">
        <property name="bizType" value="qryItemBaseForList"/>
        <property name="uuid" value="123"/>
        <property name="callCode" value="360BUY.WMS3.WS.CALLCODE.9999"/>
    </bean>
    <!-- end等级变更 -->
    <!-- 释放容器-->
    <bean id="masterReleaseContainerBizToken" class="com.jd.wms.domain.ws.receivemessage.param.BizToken">
        <property name="bizType" value="releaseContainer"/>
        <property name="uuid" value="123"/>
        <property name="callCode" value="360BUY.WMS3.WS.CALLCODE.9999"/>
    </bean>
    <!-- 获取批量商品信息 token by gaohongjing 20120901 -->
    <bean id="masterQryItemBaseForListToken" class="com.jd.wms.domain.ws.receivemessage.param.BizToken">
        <property name="bizType" value="qryItemBaseForList"/>
        <property name="uuid" value="123"/>
        <property name="callCode" value="360BUY.WMS3.WS.CALLCODE.9999"/>
    </bean>
    <!-- 根据barcode获取商品信息 token by zhuminyun 20130521 -->
    <bean id="masterQryGoodsSkuForList" class="com.jd.wms.domain.ws.receivemessage.param.BizToken">
        <property name="bizType" value="scanGoodsInfoByCode"/>
        <property name="uuid" value="123"/>
        <property name="callCode" value="360BUY.WMS3.WS.CALLCODE.9999"/>
    </bean>
    <!-- master根据储区查询通道服务-->
    <bean id="qryAisleByZoneForListBizToken" class="com.jd.wms.domain.ws.receivemessage.param.BizToken">
        <property name="bizType" value="qryAisleByZoneForList"/>
        <property name="uuid" value="1"/>
        <property name="callCode" value="360BUY.WMS3.WS.CALLCODE.9999"/>
    </bean>
    <!-- master根据根据商品查询三级分类服务-->
    <bean id="getCataLogBySkuForListBizToken" class="com.jd.wms.domain.ws.receivemessage.param.BizToken">
        <property name="bizType" value="getCataLogBySkuForList"/>
        <property name="uuid" value="1"/>
        <property name="callCode" value="360BUY.WMS3.WS.CALLCODE.9999"/>
    </bean>
    <!-- master根据根据商品查询BAND服务-->
    <bean id="qryItemBandsByGoodsNoListBizToken" class="com.jd.wms.domain.ws.receivemessage.param.BizToken">
        <property name="bizType" value="getItemBandsByGoodsNoList"/>
        <property name="uuid" value="1"/>
        <property name="callCode" value="360BUY.WMS3.WS.CALLCODE.9999"/>
    </bean>
    <!-- master根据根据商品查询BAND服务-->
    <bean id="qryOwnerListForNoListBizToken" class="com.jd.wms.domain.ws.receivemessage.param.BizToken">
        <property name="bizType" value="queryOwnerForListByBatchNo"/>
        <property name="uuid" value="1"/>
        <property name="callCode" value="360BUY.WMS3.WS.CALLCODE.9999"/>
    </bean>

    <!-- begin 序列号 -->
    <!--根据商品编号和序列号查询序列号是否存在 by weizijing-->
    <bean id="masterQuerySerialForList" class="com.jd.wms.domain.ws.receivemessage.param.BizToken">
        <property name="bizType" value="querySerialQuery"/>
        <property name="uuid" value="123"/>
        <property name="callCode" value="360BUY.WMS3.WS.CALLCODE.9999"/>
    </bean>
    <bean id="masterModifySerialNoForListToken" class="com.jd.wms.domain.ws.receivemessage.param.BizToken">
        <property name="bizType" value="modifySerial"/>
        <property name="uuid" value="123"/>
        <property name="callCode" value="360BUY.WMS3.WS.CALLCODE.9999"/>
    </bean>
    <bean id="masterbatchCheckSerialIsRightByAllRulesToken" class="com.jd.wms.domain.ws.receivemessage.param.BizToken">
        <property name="bizType" value="batchCheckSerialIsRightByAllRules"/>
        <property name="uuid" value="123"/>
        <property name="callCode" value="360BUY.WMS3.WS.CALLCODE.9999"/>
    </bean>
    <!-- end 序列号 -->

    <!-- 根据货主编码获取货主信息 -->
    <bean id="queryOwnerByNo" class="com.jd.wms.domain.ws.receivemessage.param.BizToken">
        <property name="bizType" value="queryOwnerByNo"/>
        <property name="uuid" value="123"/>
        <property name="callCode" value="360BUY.WMS3.WS.CALLCODE.9999"/>
    </bean>
    <!--master根据箱规编号获取箱规信息-->
    <bean id="queryBoxRuleGroupListBizToken" class="com.jd.wms.domain.ws.receivemessage.param.BizToken">
        <property name="bizType" value="queryBoxRuleGroupListByCode"/>
        <property name="uuid" value="1"/>
        <property name="callCode" value="360BUY.WMS3.WS.CALLCODE.9999"/>
    </bean>

    <!--根据库房号和配送中心获取erp库房机构信息-->
    <bean id="queryWareInfoToken" class="com.jd.wms.domain.ws.receivemessage.param.BizToken">
        <property name="bizType" value="queryWareInfo"/>
        <property name="uuid" value="123"/>
        <property name="callCode" value="360BUY.WMS3.WS.CALLCODE.9999"/>
    </bean>

    <!-- 根据容器号编码获取容器信息 -->
    <bean id="qryContainerForObjToken" class="com.jd.wms.domain.ws.receivemessage.param.BizToken">
        <property name="bizType" value="qryContainerForObj"/>
        <property name="uuid" value="123"/>
        <property name="callCode" value="360BUY.WMS3.WS.CALLCODE.9999"/>
    </bean>

    <!-- 根据sku获取商品保质期类型信息 token -->
    <bean id="masterQryGoodsKeepDaysType" class="com.jd.wms.domain.ws.receivemessage.param.BizToken">
        <property name="bizType" value="qryGoodsKeepDaysType"/>
        <property name="uuid" value="123"/>
        <property name="callCode" value="360BUY.WMS3.WS.CALLCODE.9999"/>
    </bean>
    <bean id="masterQryItemBaseForListToAOSBizToken" class="com.jd.wms.domain.ws.receivemessage.param.BizToken">
        <property name="bizType" value="qryItemBaseFoListToAOS"/>
        <property name="uuid" value="123"/>
        <property name="callCode" value="360BUY.WMS3.WS.CALLCODE.9999"/>
    </bean>

    <bean id="qryItemBaseForObjBizToken" class="com.jd.wms.domain.ws.receivemessage.param.BizToken">
        <property name="bizType" value="qryItemBaseForObj"/>
        <property name="uuid" value="123"/>
        <property name="callCode" value="360BUY.WMS3.WS.CALLCODE.9999"/>
    </bean>

    <bean id="queryLogicAreaZoneByCellNoBizToken" class="com.jd.wms.domain.ws.receivemessage.param.BizToken">
        <property name="bizType" value="queryLogicAreaZoneByCellNo"/>
        <property name="uuid" value="123"/>
        <property name="callCode" value="360BUY.WMS3.WS.CALLCODE.9999"/>
    </bean>

    <bean id="queryBoxRuleListByGoodsNoBizToken" class="com.jd.wms.domain.ws.receivemessage.param.BizToken">
        <property name="bizType" value="queryBoxRuleListByGoodsNo"/>
        <property name="uuid" value="123"/>
        <property name="callCode" value="360BUY.WMS3.WS.CALLCODE.9999"/>
    </bean>

    <!-- 根据储位号获取储区编号和大区编号 token by zhuminyun 20130709 -->
    <bean id="masterQryCellNoToken" class="com.jd.wms.domain.ws.receivemessage.param.BizToken">
        <property name="bizType" value="queryLocationToAOS"/>
        <property name="uuid" value="123"/>
        <property name="callCode" value="360BUY.WMS3.WS.CALLCODE.9999"/>
    </bean>

    <!-- 获取系统变量 token by gaohongjing 20120904 -->
    <bean id="masterGetSysConfigValueToken" class="com.jd.wms.domain.ws.receivemessage.param.BizToken">
        <property name="bizType" value="getSysConfigValue"/>
        <property name="uuid" value="123"/>
        <property name="callCode" value="360BUY.WMS3.WS.CALLCODE.9999"/>
    </bean>

    <!-- 获取机构、配送中心、仓库名 token by gaohongjing 20120904 -->
    <bean id="masterQryNameByNoToken" class="com.jd.wms.domain.ws.receivemessage.param.BizToken">
        <property name="bizType" value="qryNameByNo"/>
        <property name="uuid" value="123"/>
        <property name="callCode" value="360BUY.WMS3.WS.CALLCODE.9999"/>
    </bean>

    <bean id="occupyContainerBizToken" class="com.jd.wms.domain.ws.receivemessage.param.BizToken">
        <property name="bizType" value="occupyContainer"/>
        <property name="uuid" value="123"/>
        <property name="callCode" value="360BUY.WMS3.WS.CALLCODE.9999"/>
    </bean>

    <bean id="releaseContainerBizToken" class="com.jd.wms.domain.ws.receivemessage.param.BizToken">
        <property name="bizType" value="releaseContainer"/>
        <property name="uuid" value="123"/>
        <property name="callCode" value="360BUY.WMS3.WS.CALLCODE.9999"/>
    </bean>

    <bean id="getContainerStatusBizToken" class="com.jd.wms.domain.ws.receivemessage.param.BizToken">
        <property name="bizType" value="getContainerStatus"/>
        <property name="uuid" value="123"/>
        <property name="callCode" value="360BUY.WMS3.WS.CALLCODE.9999"/>
    </bean>

    <bean id="dmpQueryBizToken" class="com.jd.wms.domain.ws.receivemessage.param.BizToken">
        <property name="bizType" value="DMPQuery"/>
        <property name="uuid" value="123"/>
        <property name="callCode" value="360BUY.WMS3.WS.CALLCODE.9999"/>
    </bean>

    <bean id="masterQryItemBandBySkuToken" class="com.jd.wms.domain.ws.receivemessage.param.BizToken">
        <property name="bizType" value="qryItemBandBySkuForValue"/>
        <property name="uuid" value="123"/>
        <property name="callCode" value="360BUY.WMS3.WS.CALLCODE.9999"/>
    </bean>

    <bean id="updateGoodsNoByTkToken" class="com.jd.wms.domain.ws.receivemessage.param.BizToken">
        <property name="bizType" value="updateGoodsNoByTk"/>
        <property name="uuid" value="123"/>
        <property name="callCode" value="360BUY.WMS3.WS.CALLCODE.9999"/>
    </bean>

    <bean id="masterGetShelflifeAsDaysToken" class="com.jd.wms.domain.ws.receivemessage.param.BizToken">
        <property name="bizType" value="getShelflifeAsDays"/>
        <property name="uuid" value="123"/>
        <property name="callCode" value="360BUY.WMS3.WS.CALLCODE.9999"/>
    </bean>

    <bean id="masterGetLotAttrListOfSkuToken" class="com.jd.wms.domain.ws.receivemessage.param.BizToken">
        <property name="bizType" value="getLotAttrListOfSku"/>
        <property name="uuid" value="1"/>
        <property name="callCode" value="360BUY.WMS3.WS.CALLCODE.9999"/>
    </bean>

    <bean id="masterScanGoodsInfoByCodeToken" class="com.jd.wms.domain.ws.receivemessage.param.BizToken">
        <property name="bizType" value="scanGoodsInfoByCode"/>
        <property name="uuid" value="1"/>
        <property name="callCode" value="360BUY.WMS3.WS.CALLCODE.9999"/>
    </bean>

    <bean id="masterQryLocByNoForSimpleObjToken" class="com.jd.wms.domain.ws.receivemessage.param.BizToken">
        <property name="bizType" value="qryLocByNoForSimpleObj"/>
        <property name="uuid" value="1"/>
        <property name="callCode" value="360BUY.WMS3.WS.CALLCODE.9999"/>
    </bean>
    <!--master获取货主集合服务-->
    <bean id="qryOwnerForListBizToken" class="com.jd.wms.domain.ws.receivemessage.param.BizToken">
        <property name="bizType" value="qryOwnerForList"/>
        <property name="uuid" value="1"/>
        <property name="callCode" value="360BUY.WMS3.WS.CALLCODE.9999"/>
    </bean>

</beans>
