<?xml version="1.0" encoding="UTF-8"?>
<beans xmlns="http://www.springframework.org/schema/beans"
       xmlns:xsi="http://www.w3.org/2001/XMLSchema-instance"
       xsi:schemaLocation="http://www.springframework.org/schema/beans
       http://www.springframework.org/schema/beans/spring-beans.xsd">

    <!-- 移库策略token by gaohongjing 20130424 -->
    <bean id="stockMoveStrategyBizToken" class="com.jd.wms.domain.ws.receivemessage.param.BizToken">
        <property name="bizType" value="stockMoveStrategy"/>
        <property name="uuid" value=""/>
        <property name="callCode" value="360BUY.WMS3.WS.CALLCODE.100"/>
    </bean>

    <!-- 移库策略token by gaohongjing 20130424 -->
    <bean id="stockMoveQueryBizToken" class="com.jd.wms.domain.ws.receivemessage.param.BizToken">
        <property name="bizType" value="stockMoveQuery"/>
        <property name="uuid" value=""/>
        <property name="callCode" value="360BUY.WMS3.WS.CALLCODE.100"/>
    </bean>

    <!-- 查询批次属性token by gaohongjing 20120903 -->
    <bean id="stockQueryLotAttrValueBizToken" class="com.jd.wms.domain.ws.receivemessage.param.BizToken">
        <property name="bizType" value="lotService_queryLotAttrValueByGoodsNoOrLotNo"/>
        <property name="uuid" value=""/>
        <property name="callCode" value="360BUY.WMS3.WS.CALLCODE.100"/>
    </bean>

    <!-- 下架接口token by gaohongjing 20120904 -->
    <bean id="stockOffShelfBizToken" class="com.jd.wms.domain.ws.receivemessage.param.BizToken">
        <property name="bizType" value="offShelf"/>
        <property name="callCode" value="360BUY.WMS3.WS.CALLCODE.100"/>
    </bean>

    <!-- 上架接口token by gaohongjing 20130428 -->
    <bean id="stockPutawayBizToken" class="com.jd.wms.domain.ws.receivemessage.param.BizToken">
        <property name="bizType" value="putaway"/>
        <property name="uuid" value=""/>
        <property name="callCode" value="360BUY.WMS3.WS.CALLCODE.100"/>
    </bean>

    <!-- 释放移库预占接口token by gaohongjing 20130428 -->
    <bean id="unLockStockMoveBizToken" class="com.jd.wms.domain.ws.receivemessage.param.BizToken">
        <property name="bizType" value="unLockStockMove"/>
        <property name="uuid" value=""/>
        <property name="callCode" value="360BUY.WMS3.WS.CALLCODE.100"/>
    </bean>

    <!-- 直接移库接口token by gaohongjing 20130428 -->
    <bean id="moveStockBizToken" class="com.jd.wms.domain.ws.receivemessage.param.BizToken">
        <property name="bizType" value="moveStock"/>
        <property name="uuid" value=""/>
        <property name="callCode" value="360BUY.WMS3.WS.CALLCODE.100"/>
    </bean>

    <!-- 批属性变更获取商品批次信息Token-->
    <bean id="getGoodsLotInfoByStockBizToken" class="com.jd.wms.domain.ws.receivemessage.param.BizToken">
        <property name="bizType" value="stock_select_selectStockMAndLotAttr"/>
        <property name="uuid" value="1"/>
        <property name="callCode" value="360BUY.WMS3.WS.CALLCODE.100"/>
    </bean>

    <!-- 批属性变更获取商品批次号Token-->
    <bean id="changeLotNoByStockBizToken" class="com.jd.wms.domain.ws.receivemessage.param.BizToken">
        <property name="bizType" value="lotService_queryLotNo"/>
        <property name="uuid" value="1"/>
        <property name="callCode" value="360BUY.WMS3.WS.CALLCODE.100"/>
    </bean>

    <!-- stock-上架策略验证（目的储位验证）Token-->
    <bean id="putawayValidateByStockBizToken" class="com.jd.wms.domain.ws.receivemessage.param.BizToken">
        <property name="bizType" value="putawayValidate"/>
        <property name="uuid" value="1"/>
        <property name="callCode" value="360BUY.WMS3.WS.CALLCODE.100"/>
    </bean>

    <!-- stock-更新上架预占 Token-->
    <bean id="updatePutawayPreLocByStockBizToken" class="com.jd.wms.domain.ws.receivemessage.param.BizToken">
        <property name="bizType" value="updatePutawayPreLoc"/>
        <property name="uuid" value="1"/>
        <property name="callCode" value="360BUY.WMS3.WS.CALLCODE.100"/>
    </bean>

    <!-- 批属性变更整储位都变更Token-->
    <bean id="updateLotNoByStockBizToken" class="com.jd.wms.domain.ws.receivemessage.param.BizToken">
        <property name="bizType" value="lotService_updateLotNoByStockInfo"/>
        <property name="uuid" value=""/>
        <property name="callCode" value="360BUY.WMS3.WS.CALLCODE.100"/>
    </bean>

    <!-- 调用库存查询给出的sku中，零库存的sku Token-->
    <bean id="getZeroCellQtyBySkusBizToken" class="com.jd.wms.domain.ws.receivemessage.param.BizToken">
        <property name="bizType" value="getZeroCellQtyBySkus"/>
        <property name="uuid" value="1"/>
        <property name="callCode" value="360BUY.WMS3.WS.CALLCODE.100"/>
    </bean>

    <!-- 库存报表服务查询接口Token-->
    <bean id="getReportStockInfosBizToken" class="com.jd.wms.domain.ws.receivemessage.param.BizToken">
        <property name="bizType" value="stock_report_getReportStockInfosForRF"/>
        <property name="uuid" value=""/>
        <property name="callCode" value="360BUY.WMS3.WS.CALLCODE.100"/>
    </bean>

    <!-- 查询库存商品信息 added by zhuminyun 20130528 -->
    <bean id="queryStockDetailBizToken" class="com.jd.wms.domain.ws.receivemessage.param.BizToken">
        <property name="bizType" value="selectMDDetail"/>
        <!-- <property name="uuid" value="" /> -->
        <property name="callCode" value="360BUY.WMS3.WS.CALLCODE.100"/>
    </bean>
    <!-- 批量查询批次属性接口 -->
    <bean id="stockLotBizToken" class="com.jd.wms.domain.ws.receivemessage.param.BizToken">
        <property name="bizType" value="lotService_batchQuery"/>
        <property name="uuid" value=""/>
        <property name="callCode" value="360BUY.WMS3.WS.CALLCODE.100"/>
    </bean>

    <bean id="stockQueryQtyBizToken" class="com.jd.wms.domain.ws.receivemessage.param.BizToken">
        <property name="bizType" value="outBoundPresetWithService"/>
        <property name="uuid" value=""/>
        <property name="callCode" value="360BUY.WMS3.WS.CALLCODE.100"/>
    </bean>

    <bean id="stockLocateQtyBizToken" class="com.jd.wms.domain.ws.receivemessage.param.BizToken">
        <property name="bizType" value="outBoundGetLocateService"/>
        <property name="uuid" value=""/>
        <property name="callCode" value="360BUY.WMS3.WS.CALLCODE.100"/>
    </bean>

    <!-- 产生紧急补货，主动补货任务 -->
    <bean id="produceReplenishTaskBizToken" class="com.jd.wms.domain.ws.receivemessage.param.BizToken">
        <property name="bizType" value="stock_select_productExigencyOrCommonReplenishTask"/>
        <property name="uuid" value=""/>
        <property name="callCode" value="360BUY.WMS3.WS.CALLCODE.100"/>
    </bean>

    <!-- 查询补货任务 -->
    <bean id="selectReplenishTaskBizToken" class="com.jd.wms.domain.ws.receivemessage.param.BizToken">
        <property name="bizType" value="stock_select_selectReplenishTask"/>
        <property name="uuid" value=""/>
        <property name="callCode" value="360BUY.WMS3.WS.CALLCODE.100"/>
    </bean>
    <!-- 只查询补货任务 yangsheng -->
    <bean id="selectReple2TaskBizToken" class="com.jd.wms.domain.ws.receivemessage.param.BizToken">
        <property name="bizType" value="stock_select_selectReple2Task"/>
        <property name="uuid" value=""/>
        <property name="callCode" value="360BUY.WMS3.WS.CALLCODE.100"/>
    </bean>

    <!-- 只更新补货任务 yangsheng -->
    <bean id="updateReple2TaskBizToken" class="com.jd.wms.domain.ws.receivemessage.param.BizToken">
        <property name="bizType" value="stock_select_updateReple2Tesk"/>
        <property name="uuid" value=""/>
        <property name="callCode" value="360BUY.WMS3.WS.CALLCODE.100"/>
    </bean>

    <!-- 释放补货预占 -->
    <bean id="releaseStockByReplenishTaskBizToken" class="com.jd.wms.domain.ws.receivemessage.param.BizToken">
        <property name="bizType" value="stock_update_releaseStockByReplenishTask"/>
        <property name="uuid" value=""/>
        <property name="callCode" value="360BUY.WMS3.WS.CALLCODE.100"/>
    </bean>

    <!-- 锁定预占库存 -->
    <bean id="lockStockMoveBizToken" class="com.jd.wms.domain.ws.receivemessage.param.BizToken">
        <property name="bizType" value="lockStockMove"/>
        <property name="uuid" value=""/>
        <property name="callCode" value="360BUY.WMS3.WS.CALLCODE.100"/>
    </bean>

    <!-- 库存产品等级变更 -->
    <bean id="chagngeProductLevelBizToken" class="com.jd.wms.domain.ws.receivemessage.param.BizToken">
        <property name="bizType" value="chagngeProductLevel"/>
        <property name="uuid" value=""/>
        <property name="callCode" value="360BUY.WMS3.WS.CALLCODE.100"/>
    </bean>

    <!-- 下架异常接口-->
    <bean id="offShelfExceptionBizToken" class="com.jd.wms.domain.ws.receivemessage.param.BizToken">
        <property name="bizType" value="pickStockException"/>
        <!-- <property name="uuid" value="" /> -->
        <property name="callCode" value="360BUY.WMS3.WS.CALLCODE.100"/>
    </bean>

    <!-- 查询库存接口-->
    <bean id="qryStockBizToken" class="com.jd.wms.domain.ws.receivemessage.param.BizToken">
        <property name="bizType" value="selectMDetail"/>
        <!-- <property name="uuid" value="" /> -->
        <property name="callCode" value="360BUY.WMS3.WS.CALLCODE.100"/>
    </bean>

    <!-- 释放预占库存接口-->
    <bean id="releaseCellBizToken" class="com.jd.wms.domain.ws.receivemessage.param.BizToken">
        <property name="bizType" value="releaseCell"/>
        <property name="callCode" value="360BUY.WMS3.WS.CALLCODE.100"/>
    </bean>

    <!-- 获取储位上对应的商品编码-->
    <bean id="queryGoodsNoOnCellNo" class="com.jd.wms.domain.ws.receivemessage.param.BizToken">
        <property name="bizType" value="queryGoodsNoOnCellNo"/>
        <property name="callCode" value="360BUY.WMS3.WS.CALLCODE.100"/>
    </bean>

    <!-- 库存定位接口-->
    <bean id="stockLocateBizToken" class="com.jd.wms.domain.ws.receivemessage.param.BizToken">
        <property name="bizType" value="stock_outBoundLocation_normal"/>
        <property name="callCode" value="360BUY.WMS3.WS.CALLCODE.100"/>
    </bean>

    <bean id="tkMoveStockBizToken" class="com.jd.wms.domain.ws.receivemessage.param.BizToken">
        <property name="bizType" value="commonStockMove"/>
        <property name="uuid" value=""/>
        <property name="callCode" value="360BUY.WMS3.WS.CALLCODE.100"/>
    </bean>
    <bean id="tkMoveStockBatchBizToken" class="com.jd.wms.domain.ws.receivemessage.param.BizToken">
        <property name="bizType" value="commonStockMoveNew"/>
        <property name="uuid" value=""/>
        <property name="callCode" value="360BUY.WMS3.WS.CALLCODE.100"/>
    </bean>
    <!-- 订单预占释放接口-->
    <bean id="orderPreQtyDecreaseBizToken" class="com.jd.wms.domain.ws.receivemessage.param.BizToken">
        <property name="bizType" value="orderPreQtyDecrease"/>
        <property name="callCode" value="360BUY.WMS3.WS.CALLCODE.100"/>
    </bean>
    <!-- 获取一般补货明细 -->
    <bean id="claimReplenishItemsBizToken" class="com.jd.wms.domain.ws.receivemessage.param.BizToken">
        <property name="bizType" value="claimReplenishItems"/>
        <property name="uuid" value=""/>
        <property name="callCode" value="360BUY.WMS3.WS.CALLCODE.100"/>
    </bean>
    <!-- 完成一般补货状态 -->
    <bean id="completeReplenishItemsBizToken" class="com.jd.wms.domain.ws.receivemessage.param.BizToken">
        <property name="bizType" value="completeReplenishItems"/>
        <property name="uuid" value=""/>
        <property name="callCode" value="360BUY.WMS3.WS.CALLCODE.100"/>
    </bean>
    <!-- 调用补货策略token -->
    <bean id="replenishStockBizToken" class="com.jd.wms.domain.ws.receivemessage.param.BizToken">
        <property name="bizType" value="replenishStock"/>
        <property name="uuid" value=""/>
        <property name="callCode" value="360BUY.WMS3.WS.CALLCODE.100"/>
    </bean>
    <!--调用内配补货策略token-->
    <bean id="innerReplenishStockBizToken" class="com.jd.wms.domain.ws.receivemessage.param.BizToken">
        <property name="bizType" value="innerReplenishStock"/>
        <property name="uuid" value=""/>
        <property name="callCode" value="360BUY.WMS3.WS.CALLCODE.100"/>
    </bean>
    <bean id="selectStockMBizToken" class="com.jd.wms.domain.ws.receivemessage.param.BizToken">
        <property name="bizType" value="stock_select_selectStockM"/>
        <property name="uuid" value="uuid"/>
        <property name="callCode" value="360BUY.WMS3.WS.CALLCODE.100"/>
    </bean>
    <bean id="stockOutBoundLocationBcBizToken" class="com.jd.wms.domain.ws.receivemessage.param.BizToken">
        <property name="bizType" value="stock_outBoundLocation_bc"/>
        <property name="uuid" value="uuid"/>
        <property name="callCode" value="360BUY.WMS3.WS.CALLCODE.100"/>
    </bean>
    <bean id="commonQueryStockByLocationBizToken" class="com.jd.wms.domain.ws.receivemessage.param.BizToken">
        <property name="bizType" value="common_queryStock"/>
        <property name="uuid" value="uuid"/>
        <property name="callCode" value="360BUY.WMS3.WS.CALLCODE.100"/>
    </bean>
</beans>
