<?xml version="1.0" encoding="UTF-8"?>
<beans xmlns="http://www.springframework.org/schema/beans"
       xmlns:xsi="http://www.w3.org/2001/XMLSchema-instance"
       xsi:schemaLocation="http://www.springframework.org/schema/beans
       http://www.springframework.org/schema/beans/spring-beans.xsd">

    <bean id="loadParkOrgNo" class="com.jd.wms.domain.ws.receivemessage.param.BizToken">
        <property name="bizType" value="qryOrganizationForSelect"/>
        <property name="uuid" value="uuid"/>
        <property name="callCode" value="360BUY.WMS3.WS.CALLCODE.9999"/>
    </bean>

    <bean id="loadParkDcNoByOrgNoToken" class="com.jd.wms.domain.ws.receivemessage.param.BizToken">
        <property name="bizType" value="qryDistributionForSelect"/>
        <property name="uuid" value="uuid"/>
        <property name="callCode" value="360BUY.WMS3.WS.CALLCODE.9999"/>
    </bean>

    <bean id="loadParkHouseByDcNoToken" class="com.jd.wms.domain.ws.receivemessage.param.BizToken">
        <property name="bizType" value="qryParkhouseForSelect"/>
        <property name="uuid" value="uuid"/>
        <property name="callCode" value="360BUY.WMS3.WS.CALLCODE.9999"/>
    </bean>

</beans>
