<?xml version="1.0" encoding="UTF-8"?>
<beans xmlns="http://www.springframework.org/schema/beans"
       xmlns:xsi="http://www.w3.org/2001/XMLSchema-instance"
       xsi:schemaLocation="http://www.springframework.org/schema/beans
       http://www.springframework.org/schema/beans/spring-beans.xsd">

    <bean id="getPCMenuInfoByUserInfoToken" class="com.jd.wms.domain.ws.receivemessage.param.BizToken">
        <property name="bizType" value="wms_authorityms_master_authorityTransfer"/>
        <property name="uuid" value="uuid"/>
        <property name="callCode" value="360BUY.WMS3.WS.CALLCODE.100"/>
    </bean>

    <bean id="getRFMenuInfoByUserInfoToken" class="com.jd.wms.domain.ws.receivemessage.param.BizToken">
        <property name="bizType" value="wms_authorityms_master_RfAuthorityTransfer"/>
        <property name="uuid" value="uuid"/>
        <property name="callCode" value="360BUY.WMS3.WS.CALLCODE.100"/>
    </bean>

    <bean id="getAndroidMenuInfoByUserInfoToken" class="com.jd.wms.domain.ws.receivemessage.param.BizToken">
        <property name="bizType" value="wms_authorityms_master_AdAuthorityTransfer"/>
        <property name="uuid" value="uuid"/>
        <property name="callCode" value="360BUY.WMS3.WS.CALLCODE.100"/>
    </bean>

</beans>
