<?xml version="1.0" encoding="UTF-8" ?>
<!DOCTYPE mapper PUBLIC "-//mapper.org//DTD Mapper 3.0//EN" "http://mybatis.org/dtd/mybatis-3-mapper.dtd" >
<mapper namespace="com.jd.wms.cloud.outbound.ordercenter.dao.mapper.OrderMapper">

    <resultMap id="StStockMMap" type="com.jd.wms.stock.domain.stock.StStockM">
        <result column="ORG_NO" property="orgNo" jdbcType="VARCHAR"/>
        <result column="DISTRIBUTE_NO" property="distributeNo" jdbcType="VARCHAR"/>
        <result column="WAREHOUSE_NO" property="warehouseNo" jdbcType="VARCHAR"/>
        <result column="GOODS_NO" property="goodsNo" jdbcType="VARCHAR"/>
        <result column="CELL_NO" property="cellNo" jdbcType="VARCHAR"/>
        <result column="CONTAINER_NO" property="containerNo" jdbcType="VARCHAR"/>
        <result column="LOT_NO" property="lotNo" jdbcType="VARCHAR"/>
        <result column="CELL_QTY" property="cellQty" jdbcType="DECIMAL"/>
        <result column="PREPICKED_QTY" property="prepickedQty" jdbcType="DECIMAL"/>
        <result column="PREMOVED_QTY" property="premovedQty" jdbcType="DECIMAL"/>
        <result column="NONSALES_QTY" property="nonsalesQty" jdbcType="DECIMAL"/>
        <result column="LOCKED_QTY" property="lockedQty" jdbcType="DECIMAL"/>
        <result column="CC_STAUS" property="ccStaus" jdbcType="INTEGER"/>
        <result column="CREATE_TIME" property="createTime" jdbcType="TIMESTAMP"/>
        <result column="UPDATE_TIME" property="updateTime" jdbcType="TIMESTAMP"/>
        <result column="CREATE_USER" property="createUser" jdbcType="VARCHAR"/>
        <result column="UPDATE_USER" property="updateUser" jdbcType="VARCHAR"/>
        <result column="PACKING_UNIT" property="packingUnit" jdbcType="VARCHAR"/>
        <result column="PRODUCT_LEVEL" property="productLevel" jdbcType="VARCHAR"/>
        <result column="OWNER_NO" property="ownerNo" jdbcType="VARCHAR"/>
        <result column="MD5_VALUE" property="md5Value" jdbcType="VARCHAR"/>
    </resultMap>

    <sql id="stStockMUsedColumns">
        ORG_NO,DISTRIBUTE_NO,WAREHOUSE_NO,GOODS_NO,CELL_NO,CONTAINER_NO,
        LOT_NO,CELL_QTY,PREPICKED_QTY,PREMOVED_QTY,NONSALES_QTY,LOCKED_QTY,
        CC_STAUS,CREATE_TIME,UPDATE_TIME,CREATE_USER,UPDATE_USER,PACKING_UNIT,
        PRODUCT_LEVEL,OWNER_NO,MD5_VALUE
    </sql>

    <sql id="stStockMColumns">
        ID,
        <include refid="stStockMUsedColumns"/>
    </sql>

    <!-- 常用的查询Where条件 -->
    <sql id="queryStStockMWhereBase">
        yn=0
        AND GOODS_NO = #{goodsNo,jdbcType=VARCHAR}
        <if test="lotNo != null and lotNo != ''">
            AND LOT_NO = #{lotNo,jdbcType=VARCHAR}
        </if>
        AND CELL_NO = #{cellNo,jdbcType=VARCHAR}
        AND PRODUCT_LEVEL = #{productLevel,jdbcType=VARCHAR}
        AND ORG_NO = #{orgNo,jdbcType=VARCHAR}
        AND DISTRIBUTE_NO = #{distributeNo,jdbcType=VARCHAR}
        AND WAREHOUSE_NO = #{warehouseNo,jdbcType=VARCHAR}
    </sql>

    <!-- 创建信息 -->
    <insert id="insert" parameterType="com.jd.wms.stock.domain.stock.StStockM">
        <selectKey resultType="java.lang.Long" keyProperty="id">
            select LAST_INSERT_ID()
        </selectKey>
        INSERT INTO ST_STOCK_M(<include refid="stStockMUsedColumns"/>)
        VALUES
        (
        #{orgNo,jdbcType=VARCHAR},
        #{distributeNo,jdbcType=VARCHAR},
        #{warehouseNo,jdbcType=VARCHAR},
        #{goodsNo,jdbcType=VARCHAR},
        #{cellNo,jdbcType=VARCHAR},
        #{containerNo,jdbcType=VARCHAR},
        #{lotNo,jdbcType=VARCHAR},
        #{cellQty,jdbcType=DECIMAL},
        #{prepickedQty,jdbcType=DECIMAL},
        #{premovedQty,jdbcType=DECIMAL},
        #{nonsalesQty,jdbcType=DECIMAL},
        #{lockedQty,jdbcType=DECIMAL},
        #{ccStaus,jdbcType=INTEGER},
        now(),
        now(),
        #{createUser,jdbcType=VARCHAR},
        #{updateUser,jdbcType=VARCHAR},
        #{packingUnit,jdbcType=VARCHAR},
        #{productLevel,jdbcType=VARCHAR},
        #{ownerNo,jdbcType=VARCHAR},
        #{md5Value,jdbcType=VARCHAR}
        )
    </insert>

    <select id="selectOne" parameterType="com.jd.wms.stock.domain.stock.StStockM" resultMap="StStockMMap">
        <if test="_parameter != null">
            SELECT
            <include refid="stStockMColumns"/>
            FROM
            ST_STOCK_M
            <where>
                <include refid="queryStStockMWhereBase"/>
            </where>
        </if>
    </select>
</mapper>
