<?xml version="1.0" encoding="UTF-8"?>
<beans xmlns="http://www.springframework.org/schema/beans"
       xmlns:xsi="http://www.w3.org/2001/XMLSchema-instance"
       xsi:schemaLocation="http://www.springframework.org/schema/beans
       http://www.springframework.org/schema/beans/spring-beans.xsd"
       default-lazy-init="false">
    <import resource="classpath:META-INF/cxf/cxf.xml"/>

    <!-- stock服务 -->
    <bean id="stockMessageRpc" class="com.jd.wms.cloud.outbound.ordercenter.domain.rpc.service.impl.Wms3MessageRpcImpl">
        <property name="clientWebServiceSoap" ref="stockWebServiceSoap"/>
    </bean>
    <bean id="stockWebServiceSoap" class="com.jd.wms.cloud.outbound.ordercenter.domain.rpc.clientbean.BaseWebService"
          factory-bean="stockClientFactory" factory-method="create"/>
    <bean id="stockClientFactory" class="org.apache.cxf.jaxws.JaxWsProxyFactoryBean">
        <property name="serviceClass" value="com.jd.wms.cloud.outbound.ordercenter.domain.rpc.clientbean.BaseWebService"/>
        <property name="address" value="http://@domain.wms5.jd.com@/stock/services/stockQueryWebServiceSoap"/>

        <property name="inInterceptors">
            <list>
                <ref bean="logIn"/>
            </list>
        </property>
        <property name="outInterceptors">
            <list>
                <ref bean="wms5SOAPHeaderIntercepter"/>
                <ref bean="logOut"/>
            </list>
        </property>
    </bean>

    <!-- master服务 -->
    <bean id="masterMessageRpc" class="com.jd.wms.cloud.outbound.ordercenter.domain.rpc.service.impl.Wms3MessageRpcImpl">
        <property name="clientWebServiceSoap" ref="masterWebServiceSoap"/>
    </bean>
    <bean id="masterWebServiceSoap" class="com.jd.wms.cloud.outbound.ordercenter.domain.rpc.clientbean.BaseWebService"
          factory-bean="masterClientFactory" factory-method="create"/>
    <bean id="masterClientFactory" class="org.apache.cxf.jaxws.JaxWsProxyFactoryBean">
        <property name="serviceClass" value="com.jd.wms.cloud.outbound.ordercenter.domain.rpc.clientbean.BaseWebService"/>
        <property name="address" value="http://@domain.wms5.jd.com@/mcs/service/simpleWebServiceSoap"/>
        <property name="inInterceptors">
            <list>
                <ref bean="logIn"/>
            </list>
        </property>
        <property name="outInterceptors">
            <list>
                <ref bean="wms5SOAPHeaderIntercepter"/>
                <ref bean="logOut"/>
            </list>
        </property>
    </bean>

    <!-- Center WebService服务 -->
    <bean id="centerMessageRpc" class="com.jd.wms.cloud.outbound.ordercenter.domain.rpc.service.impl.Wms3MessageRpcImpl">
        <property name="clientWebServiceSoap" ref="centerWebServiceSoap"/>
    </bean>
    <bean id="centerWebServiceSoap" class="com.jd.wms.cloud.outbound.ordercenter.domain.rpc.clientbean.BaseWebService"
          factory-bean="centerClientFactory" factory-method="create"/>
    <bean id="centerClientFactory" class="org.apache.cxf.jaxws.JaxWsProxyFactoryBean">
        <property name="serviceClass" value="com.jd.wms.cloud.outbound.ordercenter.domain.rpc.clientbean.BaseWebService"/>
        <property name="address" value="http://@domain.wms5.jd.com@/center/service/centerWSSoap"/>
        <property name="inInterceptors">
            <list>
                <ref bean="logIn"/>
            </list>
        </property>
        <property name="outInterceptors">
            <list>
                <ref bean="wms5SOAPHeaderIntercepter"/>
                <ref bean="logOut"/>
            </list>
        </property>
    </bean>
    <!-- Center WebService服务 -->

    <!-- inbound服务 -->
    <bean id="inboundWebServiceSoap" class="com.jd.wms.cloud.outbound.ordercenter.domain.rpc.clientbean.BaseWebService"
          factory-bean="inboundClientFactory" factory-method="create"/>
    <bean id="inboundClientFactory" class="org.apache.cxf.jaxws.JaxWsProxyFactoryBean">
        <property name="serviceClass" value="com.jd.wms.cloud.outbound.ordercenter.domain.rpc.clientbean.BaseWebService"/>
        <property name="address" value="http://@domain.wms5.jd.com@/inbound/services/putaway"/>
        <property name="inInterceptors">
            <list>
                <ref bean="logIn"/>
            </list>
        </property>
        <property name="outInterceptors">
            <list>
                <ref bean="wms5SOAPHeaderIntercepter"/>
                <ref bean="logOut"/>
            </list>
        </property>
    </bean>

    <!-- 权限服务 -->
    <bean id="authoritymsMessageRpc" class="com.jd.wms.cloud.outbound.ordercenter.domain.rpc.service.impl.Wms3MessageRpcImpl">
        <property name="clientWebServiceSoap" ref="authoritymsWebServiceSoap"></property>
    </bean>
    <bean id="authoritymsWebServiceSoap" class="com.jd.wms.cloud.outbound.ordercenter.domain.rpc.clientbean.BaseWebService"
          factory-bean="authoritymsClientFactory" factory-method="create"/>
    <bean id="authoritymsClientFactory" class="org.apache.cxf.jaxws.JaxWsProxyFactoryBean">
        <property name="serviceClass" value="com.jd.wms.cloud.outbound.ordercenter.domain.rpc.clientbean.BaseWebService"/>
        <property name="address" value="http://@domain.wms5.jd.com@/power/service/authoritymsWSSoap"/>
        <property name="inInterceptors">
            <list>
                <ref bean="logIn"/>
            </list>
        </property>
        <property name="outInterceptors">
            <list>
                <ref bean="wms5SOAPHeaderIntercepter"/>
                <ref bean="logOut"/>
            </list>
        </property>
    </bean>

    <!--盘点服务-->
    <bean id="checkstockMessageRpc" class="com.jd.wms.cloud.outbound.ordercenter.domain.rpc.service.impl.Wms3MessageRpcImpl">
        <property name="clientWebServiceSoap" ref="checkStockWebServiceSoap"/>
    </bean>
    <bean id="checkStockWebServiceSoap" class="com.jd.wms.cloud.outbound.ordercenter.domain.rpc.clientbean.BaseWebService"
          factory-bean="checkStockClientFactory" factory-method="create"/>
    <bean id="checkStockClientFactory" class="org.apache.cxf.jaxws.JaxWsProxyFactoryBean">
        <property name="serviceClass" value="com.jd.wms.cloud.outbound.ordercenter.domain.rpc.clientbean.BaseWebService"/>
        <property name="address" value="http://@domain.wms5.jd.com@/invop/services/simpleWebServiceSoap"/>
        <property name="inInterceptors">
            <list>
                <ref bean="logIn"/>
            </list>
        </property>
        <property name="outInterceptors">
            <list>
                <ref bean="wms5SOAPHeaderIntercepter"/>
                <ref bean="logOut"/>
            </list>
        </property>
    </bean>

    <!--dtc-->
    <bean id="dataReceiver" class="com.jd.staig.receiver.rpc.DataReceiver" factory-bean="receiverSoapClientFactory"
          factory-method="create"/>
    <bean id="receiverSoapClientFactory" class="org.apache.cxf.jaxws.JaxWsProxyFactoryBean">
        <property name="serviceClass" value="com.jd.staig.receiver.rpc.DataReceiver"/>
        <property name="address" value="http://@wms5.mcs.receiver.staig.url@/services/DataReceiverWebService"/>
        <property name="inInterceptors">
            <list>
                <ref bean="logIn"/>
            </list>
        </property>
        <property name="outInterceptors">
            <list>
                <ref bean="wms5SOAPHeaderIntercepter"/>
                <ref bean="logOut"/>
            </list>
        </property>
    </bean>

    <!-- WebService共用配置 -->
    <bean id="wms5SOAPHeaderIntercepter" class="com.jd.bk.common.ws.SOAPHeaderIntercepter">
        <property name="authHeader" ref="wms5SOAPHeader"/>
    </bean>

    <bean id="wms5SOAPHeader" class="com.jd.bk.common.ws.AuthHeader">
        <property name="qName" value="http://wms3.360buy.com"/>
        <property name="content" value=""/>
        <property name="seed" value=""/>
    </bean>

    <bean id="logIn" class="org.apache.cxf.interceptor.LoggingInInterceptor"/>
    <bean id="logOut" class="org.apache.cxf.interceptor.LoggingOutInterceptor"/>
    <!-- WebService共用配置 -->

</beans>
