<?xml version="1.0" encoding="UTF-8"?>
<beans xmlns="http://www.springframework.org/schema/beans"
       xmlns:xsi="http://www.w3.org/2001/XMLSchema-instance"
       xsi:schemaLocation="http://www.springframework.org/schema/beans
       http://www.springframework.org/schema/beans/spring-beans.xsd">
    <!-- ***********************************WebService 客户端 配置 start *********************************-->

    <!--dtc回传接口-->
    <bean id="transInterfaceMessageReturnClient" class="com.jd.wms.inter.receiver.InterfaceMessageReturnClient">
        <constructor-arg>
            <!--<value>http://receiver.staig.jd.net/services/backReceiving?wsdl</value>-->
            <value>@main.framework.receiver.ws@</value>
        </constructor-arg>
    </bean>

</beans>
