<?xml version="1.0" encoding="UTF-8"?>
<beans xmlns="http://www.springframework.org/schema/beans"
       xmlns:xsi="http://www.w3.org/2001/XMLSchema-instance"
       xsi:schemaLocation="http://www.springframework.org/schema/beans
       http://www.springframework.org/schema/beans/spring-beans.xsd"
       default-lazy-init="true">

    <bean id="redisClient" class="com.jd.cachecloud.client.StaticRedisClientFactoryBean">
        <property name="groups">
            <list>
                <!-- 主，一个分片，分片地址用,隔开-->
                <bean class="com.jd.cachecloud.client.RedisClientConfig$Group">
                    <property name="name" value="master"/>
                    <property name="addrs" value="${redis.master.addrs}"/>
                </bean>
                <!-- 从，一个分片，分片地址用,隔开-->
                <bean class="com.jd.cachecloud.client.RedisClientConfig$Group">
                    <property name="name" value="slave"/>
                    <property name="addrs" value="${redis.slave.addrs}"/>
                </bean>
            </list>
        </property>
        <property name="hashAlgo" value="MurmurHash"/>
        <property name="shardAlgo" value="Jedis"/>
        <property name="maxIdle" value="50"/>
        <property name="maxActive" value="100"/>
        <!-- 以下选项可选 -->
        <property name="keyEncoding" value="UTF-8"/>
        <property name="db" value="6"/>
        <property name="readPolicy" value="MasterOnly"/>
        <property name="timeout" value="${redis.serviceTimeout}"/>
    </bean>

    <bean id="redisClientAdapter" class="com.jd.wms.locker.redis.StaticRedisClientAdapter">
        <property name="redisClient" ref="redisClient"/>
    </bean>

    <bean id="jedisCommands" class="com.jd.wms.lusir.cache.support.CacheProxyFactoryBean">
        <property name="type" value="JDREDIS"/>
        <property name="jdRedisGroups">
            <list>
                <!-- 主，一个分片，分片地址用,隔开-->
                <bean class="com.jd.cachecloud.client.RedisClientConfig$Group">
                    <property name="name" value="master"/>
                    <property name="addrs" value="${redis.master.addrs}"/>
                </bean>
                <!-- 从，一个分片，分片地址用,隔开-->
                <bean class="com.jd.cachecloud.client.RedisClientConfig$Group">
                    <property name="name" value="slave"/>
                    <property name="addrs" value="${redis.slave.addrs}"/>
                </bean>
            </list>
        </property>
        <property name="jdRedisDb" value="6"/>
    </bean>

    <bean id="localFileWarehouseClusterNo" class="com.jd.wms.lusir.uuid.LocalFileWarehouseClusterNo"/>

    <bean id="zookeeperWarehouseClusterNo" class="com.jd.wms.lusir.uuid.ZookeeperWarehouseClusterNo">
        <property name="zkServers" value="${canal.zkServers}"></property>
        <property name="clusterNoKeeper" ref="localFileWarehouseClusterNo"/>
        <property name="connectTimeout" value="10000"/>
    </bean>

    <bean id="loopFetchWarehouseClusterNo" class="com.jd.wms.lusir.uuid.LoopFetchWarehouseClusterNo">
        <property name="clusterNoProviders">
            <list>
                <ref bean="zookeeperWarehouseClusterNo"/>
                <ref bean="localFileWarehouseClusterNo"/>
            </list>
        </property>
    </bean>

    <bean id="redisSequenceAllotter" class="com.jd.wms.lusir.uuid.RedisSequenceAllotter">
        <property name="redisClient" ref="jedisCommands"/>
        <property name="warehouseClusterNo" ref="loopFetchWarehouseClusterNo"/>
    </bean>

    <bean id="uuidGenerator" class="com.jd.wms.lusir.uuid.UuidGenerator">
        <property name="sequenceAllotter" ref="redisSequenceAllotter"/>
        <property name="loopFetchWarehouseClusterNo" ref="loopFetchWarehouseClusterNo"/>
    </bean>
</beans>
