<?xml version="1.0" encoding="UTF-8"?>
<Configuration>
    <Appenders>
        <Console name="CONSOLE" target="SYSTEM_OUT">
            <PatternLayout pattern="%d{yyyy-MM-dd HH:mm:ss SSS} [%t] %-5p [%c] %m%n"/>
        </Console>

        <RollingFile name="FILE-MAIN"
                     fileName="@main.framework.log.path@/wms-main-framework-application.log"
                     filePattern="@main.framework.log.path@/wms-main-framework-application-%d{yyyy-MM-dd}-%i.log">
            <PatternLayout charset="UTF-8" pattern="%d{yyyy-MM-dd HH:mm:ss SSS} [%t] %-5p [%c] %m%n"/>
            <Policies>
                <SizeBasedTriggeringPolicy size="@main.framework.log.maxfilesize@"/>
            </Policies>
            <DefaultRolloverStrategy max="@main.framework.log.maxbackupindex@"/>
        </RollingFile>

        <RollingFile name="FILE-ALL"
                     fileName="@main.framework.log.path@/wms-main-framework-all.log"
                     filePattern="@main.framework.log.path@/wms-main-framework-all-%d{yyyy-MM-dd}-%i.log">
            <PatternLayout charset="UTF-8" pattern="%d{yyyy-MM-dd HH:mm:ss SSS} [%t] %-5p [%c] %m%n"/>
            <Policies>
                <SizeBasedTriggeringPolicy size="@main.framework.log.maxfilesize@"/>
            </Policies>
            <DefaultRolloverStrategy max="@main.framework.log.maxbackupindex@"/>
        </RollingFile>
    </Appenders>

    <Loggers>
        <Logger name="com.jd.wms.main.framework" level="@main.framework.log.level@" additivity="false">
            <AppenderRef ref="FILE-MAIN"/>
        </Logger>

        <Root level="@main.framework.log.level@">
            <AppenderRef ref="FILE-ALL"/>
            <AppenderRef ref="CONSOLE"/>
        </Root>
    </Loggers>
</Configuration>
